NAME,ZipCodeWithPaddedZeroes
TOMS RIVER MITSUBISHI,08753
SANSONE JR'S 66 MITSUBISHI,07753
LICCARDI MITSUBISHI,08812
FREEHOLD MITSUBISHI,07728
112 MITSUBISHI,11763
NORTHSTAR MITSUBISHI,11101
VICTORY MITSUBISHI,10475
PRISTINE MITSUBISHI,11725
SOUTH SHORE MITSUBISHI,11520
ELITE MITSUBISHI,11419
BIG CITY MITSUBISHI,11203
TEAM MITSUBISHI-HARTFORD,06106
MILFORD MITSUBISHI,06460
WATERTOWN MITSUBISHI,06795
BERTERA MITSUBISHI,01089
BELL MITSUBISHI,07065
46 MITSUBISHI,07512
J&S MITSUBISHI,08638
ROUTE 17 MITSUBISHI,07446
NIELSEN MITSUBISHI,07866
HEALEY MITSUBISHI,10940
HERTRICH MITSUBISHI,19720
APPLE AUTO MITSUBISHI,21921
CHERRY HILL MITSUBISHI,08002
MATT BLATT MITSUBISHI,08028
SPRINGFIELD MITSUBISHI-ATLANTIC CTY,08232
KELLY MITSUBISHI-EMMAUS,18049
JEFF D'AMBROSIO MITSUBISHI,19335
PERUZZI MITSUBISHI,19030
JEFF D'AMBROSIO OF OXFRD MITSUBISHI,19363
SPRINGFIELD MITSUBISHI,19064
SPRINGFIELD MITSUBISHI - READING,19605
PLATINUM MITSUBISHI-LANCASTER,17520
QUAKERTOWN MITSUBISHI,18951
STROUDSBURG MITSUBISHI,18301
MONTGOMERYVILLE MITSUBISHI,18936
JERRY'S MITSUBISHI,21234
OURISMAN MITSUBISHI,20748
RENN KIRBY MITSUBISHI,21704
YOUNGER MITSUBISHI,21740
FITZGERALD MITSUBISHI,21401
SUPERIOR MITSUBISHI,21087
OURISMAN MITSUBISHI LAUREL,20724
TOM HODGES MITSUBISHI,20636
ANTWERPEN MITSUBISHI,21133
SHIRLIE SLACK MITSUBISHI,22408
AUTO GIANTS MITSUBISHI,20111
WINCHESTER MITSUBISHI,22602
YORK MITSUBISHI,17404
COLONIAL MITSUBISHI,15701
SOUTH PARK MITSUBISHI,15102
SENDELL MITSUBISHI,15601
MOTORWORLD MITSUBISHI,18702
JIM SHORKEY MITSUBISHI UNIONTOWN,15401
FIVE STAR MITSUBISHI - ALTOONA,16602
JIM SHORKEY MITSUBISHI-N.HUNTINGDON,15642
JIM SHORKEY MITSUBISHI-NORTH HILLS,15237
KEN POLLOCK MITSUBISHI,18407
PLATINUM MITSUBISHI,17050
STUCKEY MITSUBISHI,16801
MIKE KELLY MITSUBISHI,16002
PLATINUM MITSUBISHI-HARRISBURG,17111
RICART MITSUBISHI,43125
WALKER MITSUBISHI,45342
BOARDMAN MITSUBISHI,44512
JEFF SCHMITT MITSUBISHI,45324
JAKE SWEENEY MITSUBISHI,45246
KDK MITSUBISHI,44212
JIM SHORKEY MITSUBISHI-YOUNGSTOWN,44515
DIEHL MITSUBISHI,44646
NORTH COAST MITSUBISHI,44310
NORTH COAST MITSUBISHI-BEDFORD,44146
NORTH COAST MITSUBISHI-WEST CLEVLND,44129
INTERSTATE MITSUBISHI,16509
CENTRAL MITSUBISHI,02767
CORNERSTONE MITSUBISHI,01887
COURTESY MITSUBISHI,02703
MICHAUD MITSUBISHI,01923
CAPE & ISLANDS MITSUBISHI,02664
NEW BEDFORD MITSUBISHI,02746
MIDSTATE MITSUBISHI,01501
QUIRK MITSUBISHI,04401
CHARLIE'S MITSUBISHI,04330
GRIFFETH MITSUBISHI,04736
COLD BROOK MITSUBISHI,04976
NASHUA MITSUBISHI,03060
KEENE MITSUBISHI,03431
PRESTIGE MITSUBISHI,02914
BURDICK MITSUBISHI,13039
CORTESE MITSUBISHI,14623
TONY MANGINO MITSUBISHI,12065
MARINA MITSUBISHI,14580
JAMES MITSUBISHI,13440
MATTHEWS MITSUBISHI,13850
DELLA MITSUBISHI,12901
SIMMONS ROCKWELL MITSUBISHI,14903
JAMES MITSUBISHI GREECE,14626
WALLY'S MITSUBISHI-WATERTOWN,13601
BASIL MITSUBISHI,14221
BURLINGTON MITSUBISHI,05403
QUALITY MITSUBISHI,05819
RAY SKILLMAN MITSUBISHI,46184
COMMUNITY MITSUBISHI-BLOOMINGTON,47401
DORSETT MITSUBISHI,47802
RAY SKILLMAN WESTSIDE MITSUBISHI,46254
EXPRESSWAY MITSUBISHI,47715
CASTLE MITSUBISHI,46368
TOM ROUSH MITSUBISHI,46074
GROTE MITSUBISHI,46805
SOUTHLAKE MITSUBISHI,46410
GEZON MITSUBISHI,49525
SHOWCASE MITSUBISHI,48706
GRAND BLANC MITSUBISHI,48439
WATERFORD MITSUBISHI,48327
GLASSMAN MITSUBISHI,48034
BILL SEIDLE'S MITSUBISHI,33172
FIRKINS MITSUBISHI,34208
SARASOTA MITSUBISHI,34231
MIAMI LAKES MITSUBISHI,33014
UNIVERSITY MITSUBISHI,33328
BOMNIN MITSUBISHI,33177
GUNTHER MITSUBISHI,33073
VERO BEACH MITSUBISHI,32960
BONITA SPRINGS MITSUBISHI,34134
FORT MYERS MITSUBISHI,33907
PHIL SMITH MITSUBISHI,33064
PERFORMANCE MITSUBISHI,33483
NORTH MIAMI MITSUBISHI,33169
PALM BEACH MITSUBISHI,33401
SPORT MITSUBISHI,32808
FOUNTAIN MITSUBISHI,32809
DAYTONA MITSUBISHI,32117
RC HILL MITSUBISHI-DELAND,32720
HANANIA MITSUBISHI,32244
JENKINS MITSUBISHI,33809
CITY MITSUBISHI,32225
ED MORSE MITSUBISHI,33612
RC HILL MITSUBISHI-OCALA,34471
JACOBS MITSUBISHI-WESLEY CHAPEL,33544
JACOBS MITSUBISHI,34652
BRANDON MITSUBISHI,33619
BONIFACE-HIERS MITSUBISHI,32901
ST. PETE MITSUBISHI,33777
BILL PENNEY MITSUBISHI,35816
BIRMINGHAM MITSUBISHI,35215
CAPITAL CITY MITSUBISHI,32304
FT. WALTON MITSUBISHI,32548
BAY MITSUBISHI,32401
HERITAGE MITSUBISHI-MORROW,30260
BILL HOLT MITSUBISHI,30114
HUTCHINSON MITSUBISHI-WARNER ROBINS,31093
CONYERS MITSUBISHI,30094
JIM SHORKEY MITSUBISHI-GAINESVILLE,30504
AUGUSTA MITSUBISHI,30906
VALDOSTA MITSUBISHI,31602
PEACHTREE MITSUBISHI,30341
UNION CITY MITSUBISHI,30291
ALBANY MITSUBISHI,31705
LONG LEWIS MITSUBISHI,35630
MOBILE MITSUBISHI,36606
PETE MOORE MITSUBISHI,32506
BARKER MITSUBISHI,70360
HAMPTON MITSUBISHI,70503
RAINBOW MITSUBISHI NORTH,70433
ROYAL MITSUBISHI,70815
LAKE CHARLES MITSUBISHI,70615
BARNES CROSSING MITSUBISHI,38866
RIDGELAND MITSUBISHI,39157
GULF COAST MITSUBISHI,39540
GOSSETT MITSUBISHI,38128
TIM SHORT MITSUBISHI,37040
CITY AUTO MITSUBISHI,37129
QUEEN CITY MITSUBISHI,28273
PLANET MITSUBISHI,28213
GRIFFIN MITSUBISHI,28110
WESTGATE MITSUBISHI,27616
HIGH POINT MITSUBISHI,27262
WESTGATE TRIAD MITSUBISHI,27253
SPORT DURST MITSUBISHI,27707
MOUNTAIN MITSUBISHI,28602
RANDY MARION MITSUBISHI,28625
EASLEY MITSUBISHI,29640
GREER MITSUBISHI,29651
GREENVILLE MITSUBISHI,29607
WALLACE MITSUBISHI JOHNSON CITY,37601
WALLACE MITSUBISHI-KINGSPORT,37660
EDD KIRBY'S ADVENTURE MITSUBISHI,37402
OLE BEN FRANKLIN MITSUBISHI,37830
D & E MITSUBISHI,28405
RIVERSIDE MITSUBISHI,28560
FAYETTEVILLE MITSUBISHI,28314
BOB MILLS MITSUBISHI,28546
CROSSROADS MITSUBISHI- LUMBERTON,28360
BOB MILLS MITSUBISHI - MYRTLE BEACH,29579
GOOSE CREEK MITSUBISHI,29445
LITTLE JOE'S MITSUBISHI,23320
MOTOR MILE MITSUBISHI,24073
HYMAN BROS. MITSUBISHI,23113
FAIRWAY MITSUBISHI,23452
MIKE DUMAN MITSUBISHI,23439
CHARLIE OBAUGH MITSUBISHI,24401
BANISTER MITSUBISHI-HAMPTON,23666
CLARKSVILLE MITSUBISHI,47129
SWOPE MITSUBISHI,40160
WALTERS MITSUBISHI,41501
DON FRANKLIN MITSUBISHI,40356
LOUISVILLE MITSUBISHI,40207
MCCLINTON MITSUBISHI,26101
MORGANTOWN MITSUBISHI,26508
THORNHILL MITSUBISHI,25508
GOLDY MITSUBISHI,25701
MOUNTAINEER MITSUBISHI,25801
STEPHENS MITSUBISHI,24740
CROWN MITSUBISHI,26301
CAPITOL MITSUBISHI,25177
SKYLINE MITSUBISHI,80234
VALLEY MITSUBISHI-LONGMONT,80501
PUEBLO MITSUBISHI,81008
GILLMAN MITSUBISHI,78154
WEST LOOP MITSUBISHI,78238
MISSION MITSUBISHI,78216
ELDER MITSUBISHI,78613
WACO MITSUBISHI,76710
ELDER MITSUBISHI-KILLEEN,76543
PAYNE MITSUBISHI,78572
ATZENHOFFER MITSUBISHI,77901
ED PAYNE MITSUBISHI,78520
VIVA MITSUBISHI,79925
BAYSIDE MITSUBISHI,77571
DEMONTROND MITSUBISHI,77591
FOUNDATION 45 MITSUBISHI,77090
CORPUS CHRISTI MITSUBISHI,78415
SOUTHWEST MITSUBISHI,77471
WEST HOUSTON MITSUBISHI,77094
DAVID STANLEY MITSUBISHI,73139
BILL KNIGHT MITSUBISHI,74145
DON HERRING MITSUBISHI,75224
ARROW MITSUBISHI,79605
DON HERRING NORTH MITSUBISHI,75093
HERITAGE MITSUBISHI-LONGVIEW,75604
LEWISVILLE AUTOPLEX MITSUBISHI,75067
DON HERRING IRVING MITSUBISHI,75062
CLAY COOLEY MITSUBISHI - ARLINGTON,76017
HURST AUTOPLEX MITSUBISHI,76053
MIDLAND MITSUBISHI,79703
FORT WORTH MITSUBISHI,76108
ODESSA MITSUBISHI,79761
RATH MITSUBISHI,72764
EDWARDS MITSUBISHI,51501
MURDOCK MITSUBISHI,66502
LAWRENCE MITSUBISHI,66046
FAMILY MITSUBISHI,67207
NORTHTOWNE MITSUBISHI,64118
ANDERSON MITSUBISHI,64507
JEREMY FRANKLIN MITSUBISHI,64138
FRANK LETA MITSUBISHI,63044
NAPLETON MITSUBISHI,65802
CLEMENT MITSUBISHI,63376
GREGG YOUNG MITSUBISHI,68521
O'BRIEN MITSUBISHI-NORMAL,61761
MIKE MILLER MITSUBISHI,61615
BIGGERS MITSUBISHI,60120
CORONET MITSUBISHI,61354
ANDERSON MITSUBISHI,61107
MAX MADSEN'S AURORA MITSUBISHI,60504
SOUTH SUBURBAN MITSUBISHI,60443
NAPLETON'S URBANA MITSUBISHI,61802
COURTESY MITSUBISHI,61265
GREGORY MITSUBISHI,60046
LANDMARK MITSUBISHI,62711
COUNTRYSIDE MITSUBISHI,60525
D'ARCY MITSUBISHI,60435
JIDD MOTORS MITSUBISHI,60016
CASTLE MITSUBISHI-MCHENRY,60050
PORCARO MITSUBISHI,53406
DES MOINES MITSUBISHI,50310
JOHN DEERY MITSUBISHI,50613
LUTHER BROOKDALE MITSUBISHI,55429
WHITE BEAR MITSUBISHI,55110
DON ROBINSON MITSUBISHI,56301
VALLEY IMPORTS MITSUBISHI,58103
VERN EIDE MITSUBISHI,57110
LIBERTY MITSUBISHI,57701
PRESTIGE MITSUBISHI,54701
RUSS DARROW MITSUBISHI,53186
BERGSTROM MITSUBISHI,54913
JOHN AMATO MITSUBISHI,53223
KUNES MAD CITY MITSUBISHI,53713
BAKERSFIELD MITSUBISHI,93313
UNIVERSAL MITSUBISHI,91403
SOUTH COAST MITSUBISHI,92626
CERRITOS MITSUBISHI,90703
CAMACHO MITSUBISHI,93551
OXNARD MITSUBISHI,93030
COMMERCE MITSUBISHI,90040
PUENTE HILLS MITSUBISHI,91748
VICTORVILLE MITSUBISHI,92392
REDONDO MITSUBISHI,90278
CUTTER MITSUBISHI-AIEA,96701
KARMART MITSUBISHI-MAUI,96753
BILL ALEXANDER FLIGHTLNE MITSUBISHI,85365
QUEBEDEAUX MITSUBISHI,85716
PREMIER MITSUBISHI,85122
BELL ROAD MITSUBISHI,85022
SCOTTSDALE MITSUBISHI,85251
MOSSY MITSUBISHI ESCONDIDO,92029
EL CAJON MITSUBISHI,92020
AARON MITSUBISHI,92882
HI COUNTRY MITSUBISHI,87402
FIESTA MITSUBISHI,87110
JOHNNY LEGENDS MITSUBISHI,89118
RENO MITSUBISHI,89502
HAYWARD MITSUBISHI,94544
WEST MITSUBISHI,95963
DALY CITY MITSUBISHI,94014
SAN JOSE MITSUBISHI,95117
FRESNO MITSUBISHI,93710
BRONCO MOTORS MITSUBISHI,83687
ROGER KEHDI MITSUBISHI,97223
GLADSTONE MITSUBISHI,97267
SALT LAKE MITSUBISHI,84115
SOUTHTOWNE MITSUBISHI,84070
KARMART MITSUBISHI,98233
YOUNKER MITSUBISHI,98057
ALAN WEBB MITSUBISHI,98662
PIERRE MITSUBISHI-EVERETT,98204
LESKOVAR MITSUBISHI,99336
SUNSET MITSUBISHI,98002
ARROTTA'S MITSUBISHI,99208